{
  "model_metrics": {
    "risk_assessment": {
      "cv_mean": 0.977,
      "cv_std": 0.007563068160475622,
      "cv_scores": [
        0.981,
        0.987,
        0.976,
        0.977,
        0.964
      ]
    },
    "feature_analysis": {
      "cv_mean": 0.9975999999999999,
      "cv_std": 0.0008000000000000007,
      "cv_scores": [
        0.998,
        0.998,
        0.998,
        0.998,
        0.996
      ]
    },
    "advanced_prediction": {
      "cv_mean": 0.9949999999999999,
      "cv_std": 0.0012649110640673528,
      "cv_scores": [
        0.993,
        0.995,
        0.997,
        0.995,
        0.995
      ]
    }
  },
  "feature_importance": {
    "risk_assessment": [
      6.30167088100314,
      3.0376567944882007,
      0.4791549582416931,
      1.330793886488473,
      1.4011796833060512,
      1.7114171339639532,
      3.6899037917010586,
      1.7867427035891301,
      0.6445027009604748,
      0.9364166476324252,
      0.16907682335326943
    ],
    "feature_analysis": [
      0.2528582264699917,
      0.1524967770915283,
      0.008397611883614264,
      0.007306698078447821,
      0.0012433054260479863,
      0.08832924307597577,
      0.27811106859249674,
      0.043272567877928624,
      0.051665733723864155,
      0.09047651223116586,
      0.025842255548938955
    ],
    "advanced_prediction": [
      0.10615349681078842,
      0.23240226002794456,
      0.0,
      1.6854094113849763e-11,
      0.0,
      0.07950632903561633,
      0.3075636004385789,
      0.1499116997168347,
      0.05224659860068837,
      0.04166540993568473,
      0.03055060541700979
    ]
  }
}