{
  "model_metrics": {
    "risk_assessment": {
      "cv_mean": 0.92925,
      "cv_std": 0.012288205727444504,
      "cv_scores": [
        0.9425,
        0.91,
        0.9275,
        0.9425,
        0.92375
      ]
    },
    "feature_analysis": {
      "cv_mean": 1.0,
      "cv_std": 0.0,
      "cv_scores": [
        1.0,
        1.0,
        1.0,
        1.0,
        1.0
      ]
    },
    "advanced_prediction": {
      "cv_mean": 0.99725,
      "cv_std": 0.0012247448713916037,
      "cv_scores": [
        0.99875,
        0.9975,
        0.995,
        0.9975,
        0.9975
      ]
    }
  },
  "feature_importance": {
    "risk_assessment": [
      3.3052878724792456,
      2.4244702108651097,
      1.3301972763576617,
      3.8616906135029123,
      1.4385285744563008,
      1.565157452394948,
      2.580398915660342,
      1.3891804218535866,
      1.3650562607685395,
      0.7004096968483479,
      0.817403597357663
    ],
    "feature_analysis": [
      0.0,
      0.0,
      0.0,
      0.0,
      0.0,
      0.0,
      0.0,
      0.0,
      0.0,
      0.0,
      0.0
    ],
    "advanced_prediction": [
      3.762014005399411e-08,
      0.5893932274455376,
      0.0,
      0.0,
      2.1304380871155488e-08,
      1.0262928994290219e-07,
      0.012406651571776957,
      1.324765037674658e-09,
      0.2999678045643832,
      0.0982313814672376,
      7.720724887116228e-07
    ]
  }
}